price,title
"12,900원",다담농산 노지감귤 10kg (2L대과) 깔은x 입당도 좋은귤
"15,900원",[Gfresh]벌교 새꼬막 특품 2kg 당일 생산 출고
"13,900원",[Gfresh]칠성사이다 190mlx30캔 (쿠폰적용가) 10470원
"32,900원",[크리넥스]크리넥스 3겹 순수소프트 37MX24롤 X2팩화장지/휴지
"20,610원",[티티]하이샤파 연필깎이 KI-200 기차모양 레트로감성
"15,800원",[블랙야크키즈]아동 티셔츠 균일가 (BK빔스맨투맨티셔츠 S로보티셔츠外)
"7,900원",소니가 20년 햇 호두 400g+햇 아몬드 400g/총800g
"85,500원",Easy/Subject/insight Link/각 단계별 3권구성 선택
"12,900원",쇼인더룸 9900특가 봄신상/티셔츠/맨투맨/팬츠/원피스
"19,900원",[케피](2/22일단하루1+1+1)케피버블 클렌저 /목욕놀이/거품
"9,900원",[바브키즈]바브키즈 쿠폰할인 10%~ 봄신상 남여공용 아이템
"160,000원",수퍼맘스토리카페/세계문화/통합사회/수행평가/만점프로젝트/컬쳐리더스/CULTURE READERS:HOLIDAS
"30,420원",[아이더](대구신세계)[18SS] 그라베 (DMM18125) 남성 다이나믹 자켓 아이더GN
"10,000원",클린 극세사 청소 슬리퍼 1+1 외 리빙용품
"20,100원",래디어스 토츠6종(랜덤)
"12,900원",[폴햄]폴햄 티셔츠/셔츠 외 이너모음
"6,900원",치실 국내생산 이편한 치실 80개입 x 5팩(400개)
"12,500원",[Gfresh]부산갈매기 어묵 야채혼합 종합어묵 2.8kg 대용량
"14,900원",[스마트에코]아기물티슈 모데라토 캡형 80매X20팩 엠보물티슈
"114,000원",달리 01 리틀 피플 빅 드림즈 19권
"16,900원",[크리넥스]크리넥스 실크소프트 250매X3입X3팩 /곽티슈
"17,900원",서래푸드 3.75kg관볶음땅콩 (알큰사이즈)
"12,900원",[Gfresh]착한떡 제주해풍쑥개떡 1kg + 1kg  총 2kg
"12,400원",[Gfresh]아워홈 새우볶음밥 250g 10팩
"28,470원",[아이더](신세계강남점)아이더 남.여 (파올) 트레이닝 자켓/팬츠 세트 (DMP19185/DWP19186/DMP19385/DWP19386)
"29,900원",[Gfresh]홈런볼 초코 46gx30봉(1박스)
"10,080원",[세컨스킨][세컨스킨] 인기레깅스 1+1 균일가
"73,320원",애플비 첫 명화 그림책 10권세트
"27,900원",[Gfresh]사세 버팔로윙 1kg+버팔로봉 1kg
"16,900원",[팬콧]22%쿠폰 팬콧 남녀/아동 봄 맨투맨/집업/팬츠
"29,500원",[베베숲]시그니처 그린 70매 캡 20팩
"10,900원",[Gfresh]완숙토마토 4번3kg/2개구매시+1kg
"95,000원",[구글플레이](카드가능) 기프트코드 10만원 / 구글 기프트카드
"9,900원",데이데이 봄신상 블라우스/셔츠/맨투맨/팬츠/원피스
"1,540,000원",[삼성전자]삼성 UHD 4K 스마트 TV 189cm(75) KU75UT7080FXKR
"11,800원",[라벨영]호랑이비누 1+1+1/민감피부+피부결점 제거/병풀추출물
"32,900원",[크리넥스]크리넥스 3겹 데코소프트 33MX24롤 X2팩화장지/휴지
"20,900원",[Gfresh]부산 영성방 칠리 새우 1kg/ 500g(새우+소스) x2봉
"6,900원",[이지바이]봄신상 스포츠 티셔츠/바람막이/추리닝/바지
"15,800원",[르오트]봄 신상 니트/트렌치코트/블라우스/팬츠 50종
"5,900원",1+1 국내산 지퍼형 경추베개솜/항균베개솜/경추베개솜
"34,800원",[맥심]모카골드 커피믹스 160T+160T +에코백 증정
"1,509,000원",[LG전자]그램15 15ZD90N-VX50K 122만초특가 인텔i5 인기 노트북
"5,900원",부럼 피땅콩500g+피호두200g 선물 세트
"15,700원",[아워홈]지리산수 블루 500ml 80병/생수전문배송
"14,900원",[베이비베이비]베이비베이비 아기물티슈 트윙클120매 20팩 캡형
"19,900원",[나이키]아디다스/나이키外 신학기 가방 모음(백팩/책가방)
"19,900원",[퍼실]퍼실 프로페셔널 대용량 액체세탁세제9L 드럼일반겸용
"5,000원",특가세일/겨울 봄신상/아동유아 양말/방한/수면
"6,900원",[프롬산타]3+1 양말/롱삭스/수면 남자여자학생스니커즈덧신겨울
"13,900원",[스파클]스파클생수 2L 30병
"31,000원",동막골사계 냉동대학찰옥수수 -작은놈 14pack(28개)
"44,500원",[아웃백스테이크하우스](메가박스/아웃백) 영화 외식 결합 디지털 5만원권
"9,500원",해븐메이드 스포이드 물감놀이 스탠다드세트(특가)
"32,800원",[보니숑]신생아짱구베개 무형광3D메쉬 아기배게 출산선물 용품
"29,920원",[아디다스(브이아이피)] 키즈 인기의류 10종 택 1 (FM5502 GN3974 GN397
"28,790원",[프로스펙스]오리지널 워킹화 스택스 113 114 115 116 117 118
"70,000원",호기심 톡톡 과학동화 10종 - 4차 산업혁명편 - 엄지공 특별 행사
"21,900원",[오뚜기밥]맛있는 오뚜기밥 210g 24개
"13,900원",[아이러브베베]아이러브베베물티슈핑크100매캡형X20팩
"38,800원",[마르조]마르조 풀코디 4종세트
"16,900원",[릴리유]릴리유 퓨어퍼플 물티슈 캡72매X10팩(1BOX)
"28,500원",[구글플레이](카드가능) 기프트코드 3만원 / 구글 기프트카드
"31,900원",[베베숲]아기물티슈 프리미어 캡70매 20팩
"27,900원",가정식 생포기김치10Kg /총각 /배추김치/ HACCP인증
"31,900원",[하기스매직팬티]하기스 매직팬티뉴컴포트 5단계 공용 70P 1BOX
"34,900원",KF94 새부리형 황사 마스크 대형 100매 개별포장 국산
"19,410원",1+1+1 아이몽땅버블 폼폼휘핑클렌저250ml 6종
"40,900원",[맥심]맥심 화이트골드 400T/커피/커피믹스/ 쿠폰가 36900원
"23,750원",브리스틱  에르고 유아칫솔 10개 세트
"38,250원",[마메종]갤러리아   마메종   1+1증정  100%면 스탠다드 스프레드_Q
"25,000원",[블루독]블루독 봄상품특가 봄아우터/티셔츠/팬츠 외~60%
"55,000원",[별똥별]NEW 똑쟁아기그림책 (0-3세) 외 선택구매 / 세이펜미포함
"19,900원",[키즈마루]국산 3중 비말차단 마스크  300매 KF-AD MB필터 마스크
"160,000원",(제이와이북스) 노부영 마더구스 15+4
"20,900원",[래디어스]래디어스 토츠플러스6종(랜덤)
"29,900원",KF94 국산 마스크 100매 식약처인증 의약외품 개별포장
"20,900원",[약콩두유]서울대 약콩두유 오리지널 190ml 24팩
"17,900원",[빅토리아(식품)]빅토리아 청포도 20펫+파인애플 20펫 500ml2박스총40펫
"27,800원",[나비잠]나비잠 기저귀 4팩 모음전 / 부드러운 아기 기저귀
"12,900원",[Gfresh]바사삭치킨한마리 500g+500g+포자만두
"9,800원",[백산수]백산수 2L 12병/생수전문배송
"39,900원",[피스넷]1000ml 디지털 치아 구강세정기 피스넷 워터클린 /2021
"28,900원",[크리넥스]베이비 입체마스크 10PX5팩/유아마스크/36개월이하
"103,200원",[아디다스][아디다스F]SMU OZWEEGO FZ3574
"12,900원",아디다스/나이키/뉴에라 모자/야구모자/양말 모음
"349,000원",[브라운]브라운 전기면도기 9395cc  +전용날망(색상랜덤) +CCR4
"33,900원",[맥스드라이]하기스 맥스드라이팬티 6단계 공용 26PX2팩
"28,900원",[헬로]헬로 순수 3겹 천연펄프 화장지 30m 30롤 3팩 특가행사
"44,570원",미국 칼로스쌀 20kg (10kg+10kg)/ 이쌀이다
"38,000원",크래들 01 도구와 기계의 원리 NOW
"20,000원",[나비잠]1만원할인 나비잠 속싸개 신생아필수품 모달 순면
"40,900원",[맥심]맥심 화이트골드 커피믹스 400T : 쿠폰가 36900원~
"52,000원",[아디다스]아디다스 트레이닝 세레노 19 트랙 수트 모음전 택1
"55,800원",(장당 2 945원꼴/단독/초특가)송월 테리갤러리 타월 10장+10장세트
"59,140원",[노스페이스키즈](현대백화점)노스페이스 키즈 NJ3LL09 키즈 아이스 캔디 자켓 경량 바람막이점퍼 파우치세트
"19,900원",[디키즈]22%추가쿠폰_디키즈 봄 그랜드오픈/겨울 마감세일
"14,090원",[블랑슈]블랑슈 아기물티슈 오리지널 캡형 70매x10팩
"18,900원",[매일유업]매일 상하치즈 아기치즈 2단계 60매/치즈
"23,600원",[Gfresh]코카콜라 355mlx24캔
"16,900원",[Gfresh]정직한 젓갈 비빔 낙지젓 1kg 밥도둑 특가
"16,900원",블링 휴 3겹 무형광 롤화장지 30M 30롤 2팩
"42,900원",[맥심]맥심 모카골드 커피믹스 400T : 쿠폰가 38900원~
"32,900원",[맥심]화이트골드 커피믹스 160Tx2 +런치백증정
"1,189,000원",[울트라PC]울트라PC 15U50P-GR56K 재고확보 실구매 90만원대
"24,800원",[제주삼다수]제주삼다수 500ml 60병 / 생수전문배송
"31,090원",합리적인 웨어리스 초소형 유아 코끼리 인쇄 4중 필터 개별포장 마스크 100매
"35,550원",갤러리아  정품인증 고당도 엔비사과 꿀사과 5kg(23-26과내)
"13,590원",60색 디자인 마카펜 마카세트 트윈 미술 드로잉펜
"32,600원",업계를 리드하는 기업 3SK택배박스
"21,690원",[퍼펙트바이오틱스]W프로바이오틱스 여성 질유래유산균 신바이오틱스 5box
"42,900원",[맥심]모카골드 커피믹스 400T /국민커피/쿠폰가38900원
"1,529,000원",[삼성전자]갤럭시북 이온2 NT950XDZ-A58AW 특가:130만 / 문상3만
"29,900원",[아침농산]국산 농부의아침 쌀10kg  2020년산 햅쌀
"1,790,000원",[무풍에어컨]혜택가 149만원대 에어컨 AF17R7573WZR 기본설치포함
"4,900원",[슈베스]슈베스 생리대 중형 14Px3팩외 팬티라이너/오버나이트
"42,900원",[더블에이]더블에이 A4 복사용지(A4용지) 80g 5000매 2BOX
"49,000원",[에쓰오일](S-OIL) 모바일주유권 5만원권
"26,900원",[미래생활]미래생활 순수PURE천연펄프 25m 30롤 x 3팩
"39,900원",KF94 국산 순풍 마스크 100매 식약처인증 의약외품
"63,180원",[닌텐도]스위치 슈퍼마리오 3D 월드 + 퓨리월드 우체국택배발송
"109,000원",[닥터웰]NEW 에어라이너 공기압마사지기 DR-5800
"35,190원",[오토첵]귀 체온계 적외선 TS-42 유아 아기 체온측정기
"32,600원",무선 블루투스 5.0 이어폰 3개 1+1+1 LED
"32,500원",달리 02 리틀 피플 빅 드림즈 15-19 전5권
"5,900원",[양말폭탄]봄 아동양말 신상 특가/인기상품 재입고/시즌오프
"146,280원",[디스커버리][디스커버리] 라이크 에어 Z  백팩DXBK31111
"27,000원",[안다르]20+10% 안다르 봄 준비하기 Vol.1
"14,140원",무료배송 페이퍼맥스 고양이 종이컵 2000개/1박스
"18,130원",엄마애바다 국내가공 백진미채 1kg
"28,900원",[삼성물산]삼성 프리미엄 레드 A4 복사용지 A4용지 80g 2BOX
"879,010원",[파빌리온]파빌리온 가성비 PC TG01-1602KL (예약판매)
"16,900원",다담농산 귤  10kg (2S~M)깔은 별로여도 입당도 좋은귤
"16,130원",[Gfresh]청정우 척롤 (불고기용) 300gX3팩
"10,900원",국산찰보리로 만든 찰보리빵 30개/특가(HACCP)개별포장
"14,820원",[블랙야크키즈]BOA시스템 적용으로 탈착화가 손쉬운 아동화 (로이)
"6,900원",시크루즈/봄신상/12%/티셔츠/홈웨어/팬츠/빅사이즈
"12,830원",[엠앤쿡]라면냄비 찌개 전골냄비 세라믹사각냄비 16cm 특가할인
"797,000원",[삼성전자]삼성 노트북 플러스 NT350XCR-AD5AS 최종가 60만원대
"17,900원",국내산 착한가격 KF94 마스크 100매 대형 개별포장
"18,900원",[크리넥스안심]유한킴벌리 안심 클래식 키친타올 140매x12롤X2팩
"139,000원",[엠지텍]USB3.1 테란3.1b 외장하드 4TB 21년형 카본에디션 출시
"38,760원",[반스]반스 올드스쿨 스니커즈 VN000D3HY28 블랙
"22,500원",[파스퇴르]파스퇴르 전용목장 200mL 흰 멸균우유 18입 X2 (36입)
"17,900원",[다우니]초고농축 다우니 섬유유연제 엑스퍼트 실내건조 1L3개s
"57,800원",[삼성전자]삼성전자 DDR4 8G PC4-21300 (정품)-S
"297,140원",뉴통큰인물이야기 전100권 : 세이펜별매 위인전집
"7,900원",[팬콧키즈]신학기 아동 실내화 덧신 EVA 유아 키즈 초등
"7,900원",[밀크마일]BEST 상하복/원피스/가디건 外 새학기맞이 특가
"39,900원",항균 워싱 누빔이불 1+1+1세트(퀸)
"46,000원",[아웃백스테이크하우스](아웃백/빕스) Pays외식/카페 결합 금액권 5만원권
"30,900원",[하기스매직팬티]하기스 매직팬티뉴컴포트 4단계 공용 84P 1BOX
"21,990원",[Miel]더뉴클래식 100매 캡형 20팩 도톰 대용량 평량 50g
"14,100원",[양반]양반 야채죽 285g x12개
"18,500원",[홀라이프]오메가3와 비타민D EPA+DHA 1200 6개월(1병)미국직수입
"14,500원",[래핑차일드]래핑차일드 봄신상 맨투맨/팬츠/점퍼 특가
"21,560원",(행사상품)N 동서식품_맥심모카골드믹스_230T 2760G 
"26,900원",[아이르]아이르 가볍고 포근한 나노화이바 차렵 이불세트 침구
"6,900원",[BYC]난리났네난리났어/2개이상구매 개당1000할인/여성팬티
"451,000원",[갤럭시]갤럭시탭S6 라이트 10.4 SM-P610 WIFI 64GB 그레이
"47,500원",[구글플레이](카드가능) 기프트코드 5만원 / 구글 기프트카드
"419,000원",[필립스](최종390200원) 1200 에스프레소 커피머신 EP1200/03
"39,900원",[인가드]인가드 국산 KF94 황사 미세먼지 마스크 대형 100매
"55,900원",주부의미 20kg 20년산 당일도정 박스포장 맛있는 밥맛
"41,600원",[더블에이]직배송 더블에이 A4용지 복사용지 80g 4000매(2박스)
"25,900원",[네스카페]수프리모 오리지널 300T
"1,040,000원",[파빌리온]HP 파빌리온 x360 14-dw1049TU 최종79만/11세대i5/터치
"16,470원",[릴리유]릴리유 퓨어그린 아기물티슈 캡 80매 10팩 E
"32,900원",[프렌치카페]프렌치카페 카페믹스/믹스커피 200Tx2 (400T)
"39,300원",[보니숑]사계절 유모차라이너 카시트호환 이너시트 신생아용품
"23,900원",[풀무원]노엣지꽉찬토핑피자 4판(불고기1+치즈2+콤비네이션1)
"209,000원",[조이]듀알로 주니어 아이소픽스 카시트 턱시도 + 쿨시트증정
"62,900원",[일리]일리 에스프레소 캡슐 커피 6종/맛선택/108캡슐
"38,000원",크래들 02 놀라운 인체의 원리
"18,610원",코크제로 355ml캔 24입/ 코카콜라
"9,500원",[구글플레이](카드가능) 기프트코드 1만원 / 구글 기프트카드
"31,900원",[크리넥스]크리넥스 3겹 울트라클린 27MX30롤 X2팩화장지/휴지
"10,710원",국내생산 브이비 MB필터 마스크 블랙 100매 (10x10)
"10,500원",[앤디애플]봄신상/아동복/상하복/맨투맨/레깅스/신학기
"9,900원",[베베쥬]봄 신상/신학기룩/봄 맞이/핫 트렌드룩
"12,900원",[프로월드컵]22%적용가 초소형/소형/중형/대형/특대형 마스크
"7,900원",[아토세이프]고농축 라벤더 액체세제 2.5L X 4개 세탁 총10000ml
"21,900원",[유닉스]메탈티 무광블랙 1600W 헤어 드라이기 UN-A1610 접이식
"22,900원",국산 특별가 Kf94 대형수 마스크 100매/비말차단 일회
"20,200원",무형광 미쁘 핸드타올 2겹5000매 페이퍼타올 핸드타월
"22,500원",[Miel]미엘 클래식 캡형 100매 20팩 평량 50g 도톰대용량
"19,900원",[CJ고메]고메 함박 스테이크 152g x10개 (냉장)
"22,000원",크래들 03 매머드 사이언스
"7,900원",[디즈니]22%쿠폰 신학기준비 아동 디즈니 캐릭터 EVA 실내화
"10,900원",[테크]테크 파워 액체세제(겸용) 대용량 8L
"43,070원",[컬럼비아](광주신세계)남성 옴니히트 경량 다운 플리스 베스트 2종 모음 C14-YMP116 YMP118
"30,000원",씨투엠에듀 팡세 S1~S4권 세트-사고력수학의 시작
"31,500원",에어데이즈 KF94 새부리형 국산 마스크 대형 50매
"57,400원",[노이몬]노이몬 새부리형 KF94 마스크 중형 100매 식약처 허가
"60,900원",[팸퍼스]팸퍼스 베이비드라이 5단계 팬티형기저귀36p 4팩
"25,900원",[일리윤]일리윤 세라마이드 아토 로션 528ML 2개
"41,600원",[더블에이]더블에이 A4 복사용지  80g 4000매 2BOX/A4용지
"27,600원",[아웃백스테이크하우스](아웃백/빕스) Pays외식/카페 결합 금액권 3만원권
"59,800원",[에이블루]커블체어 와이더 바른자세교정 서포트체어
"30,910원",[베베숲]베베숲 시그니처 그린 70매 캡 20팩
